Workbook

Sheet Instructions
A1: Mental Health Awareness Research: Analysis Workbook
A3: Author: Yashal Manaiem Javaid | Group 43 | SafeX Solutions Research Project, Week 2
A5: ABOUT THIS WORKBOOK
A7: This workbook contains the pilot survey responses collected for the Mental Health
A8: Awareness Research module, along with an automated analysis pipeline.
A10: The pilot sample is N = 3 respondents. The workbook is framed as a pilot: it validates
A11: the survey instrument and the analysis pipeline, and produces preliminary observations
A12: that direct the proposal in the written report.
A14: TABS
A16: Instructions - this tab
A17: Raw_Data - the 3 responses as exported from Google Forms, with Likert
A18: answers converted from text to 1-5 numeric values
... A39: 3. Press F9 to recalculate. All other tabs update automatically.

Sheet Raw_Data
A1: Timestamp | B1: Q1_Education | C1: Q2_Field | D1: Q3_Gender | E1: Q4_HasSupport | F1: Q5_HowFoundOut | G1: Q6_SelfAwareness_1to5 | H1: Q7_TopicsSeen | I1: Q8_ComfortFriend_1to5 | J1: Q9_HelpSeenAsWeakness_1to5 | K1: Q10_ComfortCounsellingService_1to5 | L1: Q11_OpenlyDiscussed_1to5 | M1: Q12_PrimaryBarrier | N1: Q13_BiggestGap | O1: Q14_PreferredFormat | P1: Q15_PeerInterest | Q1: Q16_Suggestions
A2: 2026-07-17 01:39:23 | B2: Other | C2: Engineering / Technology | D2: Male | E2: Yes | F2: Faculty/advisor mentioned it | G2: 4 | H2: Anxiety/depression awareness | I2: 4 | J2: 4 | K2: 4 | L2: 4 | M2: Fear of being judged by peers | N2: Lack of awareness | O2: Anonymous helpline/chat | P2: Somewhat interested | Q2: No suggestions. Keep up the good work
A3: 2026-07-17 02:01:04 | B3: High school / A-Levels | C3: Business / Management | D3: Female | E3: Not sure | F3: I haven't found out about it | G3: 2 | H3: Stress management | I3: 3 | J3: 4 | K3: 3 | L3: 2 | M3: Fear of being judged by peers | N3: Reactive crisis care instead of early prevention and proactive support. | O3: Anonymous helpline/chat | P3: Not sure | Q3: Implement proactive, early intervention systems rather than waiting for crises to escalate.
A4: 2026-07-17 07:04:40 | B4: Undergraduate (3rd–4th year) | C4: Social Sciences / Humanities | D4: Female | E4: Yes | F4: Orientation/induction session | G4: 3 | H4: Sleep and wellbeing | I4: 4 | J4: 2 | K4: 3 | L4: 5 | M4: Cost/financial concerns | N4: Not enough time given to students in sessions, and since I'm in psychology most of the counsellors there are our teachers which creates bias within classrooms. | O4: Social media content (Instagram/TikTok style) | P4: Yes, very interested | Q4: Provide ongoing seminars about the importance of mental health.if

Sheet Analysis
A1: Likert Item Analysis (Q6, Q8, Q9, Q10, Q11)
A3: Question ID | B3: Question Summary | C3: N | D3: Mean | E3: Median | F3: Mode | G3: % Agree/Strongly Agree | H3: % Disagree/Strongly Disagree
A4: Q6 | B4: Self-rated awareness of mental health resources | C4: =COUNT(Raw_Data!G2:G1000) -> 3 | D4: =IFERROR(AVERAGE(Raw_Data!G2:G1000),"-") -> 3 | E4: =IFERROR(MEDIAN(Raw_Data!G2:G1000),"-") -> 3 | F4: =IFERROR(MODE(Raw_Data!G2:G1000),"-") -> - | G4: =IFERROR((COUNTIF(Raw_Data!G2:G1000,4)+COUNTIF(Raw_Data!G2:G1000,5))/COUNT(Raw_Data!G2:G1000),"-") -> 0.33333333 | H4: =IFERROR((COUNTIF(Raw_Data!G2:G1000,1)+COUNTIF(Raw_Data!G2:G1000,2))/COUNT(Raw_Data!G2:G1000),"-") -> 0.33333333
A5: Q8 | B5: Comfort telling a friend about struggling | C5: =COUNT(Raw_Data!I2:I1000) -> 3 | D5: =IFERROR(AVERAGE(Raw_Data!I2:I1000),"-") -> 3.6666667 | E5: =IFERROR(MEDIAN(Raw_Data!I2:I1000),"-") -> 4 | F5: =IFERROR(MODE(Raw_Data!I2:I1000),"-") -> 4 | G5: =IFERROR((COUNTIF(Raw_Data!I2:I1000,4)+COUNTIF(Raw_Data!I2:I1000,5))/COUNT(Raw_Data!I2:I1000),"-") -> 0.66666667 | H5: =IFERROR((COUNTIF(Raw_Data!I2:I1000,1)+COUNTIF(Raw_Data!I2:I1000,2))/COUNT(Raw_Data!I2:I1000),"-") -> 0
A6: Q9 | B6: Help-seeking seen as a sign of weakness | C6: =COUNT(Raw_Data!J2:J1000) -> 3 | D6: =IFERROR(AVERAGE(Raw_Data!J2:J1000),"-") -> 3.3333333 | E6: =IFERROR(MEDIAN(Raw_Data!J2:J1000),"-") -> 4 | F6: =IFERROR(MODE(Raw_Data!J2:J1000),"-") -> 4 | G6: =IFERROR((COUNTIF(Raw_Data!J2:J1000,4)+COUNTIF(Raw_Data!J2:J1000,5))/COUNT(Raw_Data!J2:J1000),"-") -> 0.66666667 | H6: =IFERROR((COUNTIF(Raw_Data!J2:J1000,1)+COUNTIF(Raw_Data!J2:J1000,2))/COUNT(Raw_Data!J2:J1000),"-") -> 0.33333333
A7: Q10 | B7: Comfort using university counselling service | C7: =COUNT(Raw_Data!K2:K1000) -> 3 | D7: =IFERROR(AVERAGE(Raw_Data!K2:K1000),"-") -> 3.3333333 | E7: =IFERROR(MEDIAN(Raw_Data!K2:K1000),"-") -> 3 | F7: =IFERROR(MODE(Raw_Data!K2:K1000),"-") -> 3 | G7: =IFERROR((COUNTIF(Raw_Data!K2:K1000,4)+COUNTIF(Raw_Data!K2:K1000,5))/COUNT(Raw_Data!K2:K1000),"-") -> 0.33333333 | H7: =IFERROR((COUNTIF(Raw_Data!K2:K1000,1)+COUNTIF(Raw_Data!K2:K1000,2))/COUNT(Raw_Data!K2:K1000),"-") -> 0
A8: Q11 | B8: Mental health discussed openly in dept/class | C8: =COUNT(Raw_Data!L2:L1000) -> 3 | D8: =IFERROR(AVERAGE(Raw_Data!L2:L1000),"-") -> 3.6666667 | E8: =IFERROR(MEDIAN(Raw_Data!L2:L1000),"-") -> 4 | F8: =IFERROR(MODE(Raw_Data!L2:L1000),"-") -> - | G8: =IFERROR((COUNTIF(Raw_Data!L2:L1000,4)+COUNTIF(Raw_Data!L2:L1000,5))/COUNT(Raw_Data!L2:L1000),"-") -> 0.66666667 | H8: =IFERROR((COUNTIF(Raw_Data!L2:L1000,1)+COUNTIF(Raw_Data!L2:L1000,2))/COUNT(Raw_Data!L2:L1000),"-") -> 0.33333333
A11: Likert Response Distribution (counts)
A13: Question ID | B13: Strongly Disagree (1) | C13: Disagree (2) | D13: Neutral (3) | E13: Agree (4) | F13: Strongly Agree (5) | G13: Total
A14: Q6 | B14: =COUNTIF(Raw_Data!G2:G1000,1) -> 0 | C14: =COUNTIF(Raw_Data!G2:G1000,2) -> 1 | D14: =COUNTIF(Raw_Data!G2:G1000,3) -> 1 | E14: =COUNTIF(Raw_Data!G2:G1000,4) -> 1 | F14: =COUNTIF(Raw_Data!G2:G1000,5) -> 0 | G14: =SUM(B14:F14) -> 3
A15: Q8 | B15: =COUNTIF(Raw_Data!I2:I1000,1) -> 0 | C15: =COUNTIF(Raw_Data!I2:I1000,2) -> 0 | D15: =COUNTIF(Raw_Data!I2:I1000,3) -> 1 | E15: =COUNTIF(Raw_Data!I2:I1000,4) -> 2 | F15: =COUNTIF(Raw_Data!I2:I1000,5) -> 0 | G15: =SUM(B15:F15) -> 3
A16: Q9 | B16: =COUNTIF(Raw_Data!J2:J1000,1) -> 0 | C16: =COUNTIF(Raw_Data!J2:J1000,2) -> 1 | D16: =COUNTIF(Raw_Data!J2:J1000,3) -> 0 | E16: =COUNTIF(Raw_Data!J2:J1000,4) -> 2 | F16: =COUNTIF(Raw_Data!J2:J1000,5) -> 0 | G16: =SUM(B16:F16) -> 3
A17: Q10 | B17: =COUNTIF(Raw_Data!K2:K1000,1) -> 0 | C17: =COUNTIF(Raw_Data!K2:K1000,2) -> 0 | D17: =COUNTIF(Raw_Data!K2:K1000,3) -> 2 | E17: =COUNTIF(Raw_Data!K2:K1000,4) -> 1 | F17: =COUNTIF(Raw_Data!K2:K1000,5) -> 0 | G17: =SUM(B17:F17) -> 3
A18: Q11 | B18: =COUNTIF(Raw_Data!L2:L1000,1) -> 0 | C18: =COUNTIF(Raw_Data!L2:L1000,2) -> 1 | D18: =COUNTIF(Raw_Data!L2:L1000,3) -> 0 | E18: =COUNTIF(Raw_Data!L2:L1000,4) -> 1 | F18: =COUNTIF(Raw_Data!L2:L1000,5) -> 1 | G18: =SUM(B18:F18) -> 3

Sheet Demographics
A1: Demographic Distributions
A3: Q1: Level of Education
A4: Category | B4: Count | C4: Percentage
A5: High school / A-Levels | B5: =COUNTIF(Raw_Data!B2:B1000,A5) -> 1 | C5: =IFERROR(B5/COUNTA(Raw_Data!B2:B1000),0) -> 0.33333333
A6: Undergraduate (1st–2nd year) | B6: =COUNTIF(Raw_Data!B2:B1000,A6) -> 0 | C6: =IFERROR(B6/COUNTA(Raw_Data!B2:B1000),0) -> 0
A7: Undergraduate (3rd–4th year) | B7: =COUNTIF(Raw_Data!B2:B1000,A7) -> 1 | C7: =IFERROR(B7/COUNTA(Raw_Data!B2:B1000),0) -> 0.33333333
A8: Postgraduate (Masters/PhD) | B8: =COUNTIF(Raw_Data!B2:B1000,A8) -> 0 | C8: =IFERROR(B8/COUNTA(Raw_Data!B2:B1000),0) -> 0
A9: Other | B9: =COUNTIF(Raw_Data!B2:B1000,A9) -> 1 | C9: =IFERROR(B9/COUNTA(Raw_Data!B2:B1000),0) -> 0.33333333
A10: Prefer not to say | B10: =COUNTIF(Raw_Data!B2:B1000,A10) -> 0 | C10: =IFERROR(B10/COUNTA(Raw_Data!B2:B1000),0) -> 0
A13: Q2: Academic Field
A14: Category | B14: Count | C14: Percentage
A15: Engineering / Technology | B15: =COUNTIF(Raw_Data!C2:C1000,A15) -> 1 | C15: =IFERROR(B15/COUNTA(Raw_Data!C2:C1000),0) -> 0.33333333
A16: Sciences | B16: =COUNTIF(Raw_Data!C2:C1000,A16) -> 0 | C16: =IFERROR(B16/COUNTA(Raw_Data!C2:C1000),0) -> 0
A17: Business / Management | B17: =COUNTIF(Raw_Data!C2:C1000,A17) -> 1 | C17: =IFERROR(B17/COUNTA(Raw_Data!C2:C1000),0) -> 0.33333333
A18: Social Sciences / Humanities | B18: =COUNTIF(Raw_Data!C2:C1000,A18) -> 1 | C18: =IFERROR(B18/COUNTA(Raw_Data!C2:C1000),0) -> 0.33333333
A19: Other | B19: =COUNTIF(Raw_Data!C2:C1000,A19) -> 0 | C19: =IFERROR(B19/COUNTA(Raw_Data!C2:C1000),0) -> 0
A20: Prefer not to say | B20: =COUNTIF(Raw_Data!C2:C1000,A20) -> 0 | C20: =IFERROR(B20/COUNTA(Raw_Data!C2:C1000),0) -> 0
A23: Q3: Gender
A24: Category | B24: Count | C24: Percentage
A25: Female | B25: =COUNTIF(Raw_Data!D2:D1000,A25) -> 2 | C25: =IFERROR(B25/COUNTA(Raw_Data!D2:D1000),0) -> 0.66666667
A26: Male | B26: =COUNTIF(Raw_Data!D2:D1000,A26) -> 1 | C26: =IFERROR(B26/COUNTA(Raw_Data!D2:D1000),0) -> 0.33333333
A27: Other | B27: =COUNTIF(Raw_Data!D2:D1000,A27) -> 0 | C27: =IFERROR(B27/COUNTA(Raw_Data!D2:D1000),0) -> 0
A28: Prefer not to say | B28: =COUNTIF(Raw_Data!D2:D1000,A28) -> 0 | C28: =IFERROR(B28/COUNTA(Raw_Data!D2:D1000),0) -> 0

Sheet Barriers
A1: Barriers to Seeking Help: Frequency (Q12)
A3: Barrier | B3: Count | C3: Percentage
A4: Fear of being judged by peers | B4: =COUNTIF(Raw_Data!M2:M1000,A4) -> 2 | C4: =IFERROR(B4/COUNTA(Raw_Data!M2:M1000),0) -> 0.66666667
A5: Fear of it affecting academic record/reputation | B5: =COUNTIF(Raw_Data!M2:M1000,A5) -> 0 | C5: =IFERROR(B5/COUNTA(Raw_Data!M2:M1000),0) -> 0
A6: Don't know where to go | B6: =COUNTIF(Raw_Data!M2:M1000,A6) -> 0 | C6: =IFERROR(B6/COUNTA(Raw_Data!M2:M1000),0) -> 0
A7: Don't think it would help | B7: =COUNTIF(Raw_Data!M2:M1000,A7) -> 0 | C7: =IFERROR(B7/COUNTA(Raw_Data!M2:M1000),0) -> 0
A8: Cost/financial concerns | B8: =COUNTIF(Raw_Data!M2:M1000,A8) -> 1 | C8: =IFERROR(B8/COUNTA(Raw_Data!M2:M1000),0) -> 0.33333333
A9: Lack of time | B9: =COUNTIF(Raw_Data!M2:M1000,A9) -> 0 | C9: =IFERROR(B9/COUNTA(Raw_Data!M2:M1000),0) -> 0
A10: Cultural/family attitudes | B10: =COUNTIF(Raw_Data!M2:M1000,A10) -> 0 | C10: =IFERROR(B10/COUNTA(Raw_Data!M2:M1000),0) -> 0
A11: No barrier, I would seek help | B11: =COUNTIF(Raw_Data!M2:M1000,A11) -> 0 | C11: =IFERROR(B11/COUNTA(Raw_Data!M2:M1000),0) -> 0
A15: Preferred Campaign Format: Frequency (Q14)
A17: Format | B17: Count | C17: Percentage
A18: Social media content (Instagram/TikTok style) | B18: =COUNTIF(Raw_Data!O2:O1000,A18) -> 1 | C18: =IFERROR(B18/COUNTA(Raw_Data!O2:O1000),0) -> 0.33333333
A19: In-person workshops/talks | B19: =COUNTIF(Raw_Data!O2:O1000,A19) -> 0 | C19: =IFERROR(B19/COUNTA(Raw_Data!O2:O1000),0) -> 0
A20: Peer support groups | B20: =COUNTIF(Raw_Data!O2:O1000,A20) -> 0 | C20: =IFERROR(B20/COUNTA(Raw_Data!O2:O1000),0) -> 0
A21: Anonymous helpline/chat | B21: =COUNTIF(Raw_Data!O2:O1000,A21) -> 2 | C21: =IFERROR(B21/COUNTA(Raw_Data!O2:O1000),0) -> 0.66666667
A22: Printed materials (posters, brochures) | B22: =COUNTIF(Raw_Data!O2:O1000,A22) -> 0 | C22: =IFERROR(B22/COUNTA(Raw_Data!O2:O1000),0) -> 0
A23: Guest speaker events | B23: =COUNTIF(Raw_Data!O2:O1000,A23) -> 0 | C23: =IFERROR(B23/COUNTA(Raw_Data!O2:O1000),0) -> 0

Sheet Summary
A1: Headline Numbers (referenced by the written report)
A3: Metric | B3: Value | C3: Notes
A4: Total valid responses (N) | B4: =COUNTA(Raw_Data!A2:A1000) -> 3 | C4: Count of Timestamp entries
A5: % institution has support (Yes) | B5: =IFERROR(COUNTIF(Raw_Data!E2:E1000,"Yes")/COUNTA(Raw_Data!E2:E1000),"-") -> 0.66666667 | C5: Q4: Yes
A6: % institution has support (Not sure) | B6: =IFERROR(COUNTIF(Raw_Data!E2:E1000,"Not sure")/COUNTA(Raw_Data!E2:E1000),"-") -> 0.33333333 | C6: Q4: Not sure
A7: Mean self-rated awareness (Q6) | B7: =Analysis!D4 -> 3 | C7: 1-5 scale
A8: % comfortable telling a friend (Q8, Agree/SA) | B8: =Analysis!G5 -> 0.66666667 | C8: % Agree or Strongly Agree
A9: % agree help-seeking seen as weakness (Q9) | B9: =Analysis!G6 -> 0.66666667 | C9: % Agree or Strongly Agree (stigma marker)
A10: % comfortable using counselling service (Q10) | B10: =Analysis!G7 -> 0.33333333 | C10: % Agree or Strongly Agree
A11: % openly discussed in dept/class (Q11) | B11: =Analysis!G8 -> 0.66666667 | C11: % Agree or Strongly Agree
A12: Top barrier count (Q12) | B12: =MAX(Barriers!B4:B11) -> 2 | C12: Highest barrier count
A13: Top preferred format count (Q14) | B13: =MAX(Barriers!B18:B23) -> 2 | C13: Highest format count
